sku,nombre,imagen,precio,frecuencia,inventario_tipo,categoria,existencias,descripcion,precio_original,modelo_caja,descuento,tamano_altavoz,caracteristicas
"OLG-001","NVIDIA RTX 4060 8GB OC","assets/img/bocinas/Gemini_Generated_Image_2ppzz92ppzz92ppz.webp","6500","Inmediato","Outlet","outlet-gpu","12","Producto premium de la categoría Tarjetas de Video Outlet en liquidación y oferta.","8775","OLG-001","25% OFF","N/A","Garantía oficial y entrega inmediata."
"OLG-002","NVIDIA RTX 4060 Ti 8GB","assets/img/bocinas/Gemini_Generated_Image_2ppzz92ppzz92ppz.webp","9800","Inmediato","Outlet","outlet-gpu","12","Producto premium de la categoría Tarjetas de Video Outlet en liquidación y oferta.","13230","OLG-002","25% OFF","N/A","Garantía oficial y entrega inmediata."
"OLG-003","NVIDIA RTX 4070 Super 12GB","assets/img/bocinas/Gemini_Generated_Image_2ppzz92ppzz92ppz.webp","13500","Inmediato","Outlet","outlet-gpu","12","Producto premium de la categoría Tarjetas de Video Outlet en liquidación y oferta.","18225","OLG-003","25% OFF","N/A","Garantía oficial y entrega inmediata."
"OLG-004","NVIDIA RTX 4080 Super 16GB","assets/img/bocinas/Gemini_Generated_Image_2ppzz92ppzz92ppz.webp","21000","Inmediato","Outlet","outlet-gpu","12","Producto premium de la categoría Tarjetas de Video Outlet en liquidación y oferta.","28350","OLG-004","25% OFF","N/A","Garantía oficial y entrega inmediata."
"OLG-005","AMD Radeon RX 7600 XT 16GB","assets/img/bocinas/Gemini_Generated_Image_2ppzz92ppzz92ppz.webp","7200","Inmediato","Outlet","outlet-gpu","12","Producto premium de la categoría Tarjetas de Video Outlet en liquidación y oferta.","9720","OLG-005","25% OFF","N/A","Garantía oficial y entrega inmediata."
"OLG-006","AMD Radeon RX 7800 XT 16GB","assets/img/bocinas/Gemini_Generated_Image_2ppzz92ppzz92ppz.webp","10500","Inmediato","Outlet","outlet-gpu","12","Producto premium de la categoría Tarjetas de Video Outlet en liquidación y oferta.","14175","OLG-006","25% OFF","N/A","Garantía oficial y entrega inmediata."
"OLG-007","NVIDIA RTX 4050 Laptop GPU","assets/img/bocinas/Gemini_Generated_Image_2ppzz92ppzz92ppz.webp","9999","Inmediato","Outlet","outlet-gpu","12","Producto premium de la categoría Tarjetas de Video Outlet en liquidación y oferta.","13498","OLG-007","25% OFF","N/A","Garantía oficial y entrega inmediata."
"OLG-008","NVIDIA RTX 3050 8GB Clásica","assets/img/bocinas/Gemini_Generated_Image_2ppzz92ppzz92ppz.webp","4500","Inmediato","Outlet","outlet-gpu","12","Producto premium de la categoría Tarjetas de Video Outlet en liquidación y oferta.","6075","OLG-008","25% OFF","N/A","Garantía oficial y entrega inmediata."
"OLG-009","AMD Radeon RX 6600 8GB","assets/img/bocinas/Gemini_Generated_Image_2ppzz92ppzz92ppz.webp","4200","Inmediato","Outlet","outlet-gpu","12","Producto premium de la categoría Tarjetas de Video Outlet en liquidación y oferta.","5670","OLG-009","25% OFF","N/A","Garantía oficial y entrega inmediata."
"OLG-010","Intel Arc A770 16GB Lujo","assets/img/bocinas/Gemini_Generated_Image_2ppzz92ppzz92ppz.webp","6200","Inmediato","Outlet","outlet-gpu","12","Producto premium de la categoría Tarjetas de Video Outlet en liquidación y oferta.","8370","OLG-010","25% OFF","N/A","Garantía oficial y entrega inmediata."
"OLG-011","NVIDIA RTX 4090 Extreme Outlet","assets/img/bocinas/Gemini_Generated_Image_2ppzz92ppzz92ppz.webp","38000","Inmediato","Outlet","outlet-gpu","12","Producto premium de la categoría Tarjetas de Video Outlet en liquidación y oferta.","51300","OLG-011","25% OFF","N/A","Garantía oficial y entrega inmediata."
"OLG-012","AMD Radeon RX 7900 XTX 24GB","assets/img/bocinas/Gemini_Generated_Image_2ppzz92ppzz92ppz.webp","19500","Inmediato","Outlet","outlet-gpu","12","Producto premium de la categoría Tarjetas de Video Outlet en liquidación y oferta.","26325","OLG-012","25% OFF","N/A","Garantía oficial y entrega inmediata."
"OLG-013","NVIDIA RTX 4070 Ti Lujo","assets/img/bocinas/Gemini_Generated_Image_2ppzz92ppzz92ppz.webp","15500","Inmediato","Outlet","outlet-gpu","12","Producto premium de la categoría Tarjetas de Video Outlet en liquidación y oferta.","20925","OLG-013","25% OFF","N/A","Garantía oficial y entrega inmediata."
"OLG-014","NVIDIA RTX 4060 Dual Fan","assets/img/bocinas/Gemini_Generated_Image_2ppzz92ppzz92ppz.webp","6300","Inmediato","Outlet","outlet-gpu","12","Producto premium de la categoría Tarjetas de Video Outlet en liquidación y oferta.","8505","OLG-014","25% OFF","N/A","Garantía oficial y entrega inmediata."
"OLG-015","AMD Radeon RX 7600 8GB","assets/img/bocinas/Gemini_Generated_Image_2ppzz92ppzz92ppz.webp","5500","Inmediato","Outlet","outlet-gpu","12","Producto premium de la categoría Tarjetas de Video Outlet en liquidación y oferta.","7425","OLG-015","25% OFF","N/A","Garantía oficial y entrega inmediata."
"OLG-016","Intel Arc A750 8GB Outlet","assets/img/bocinas/Gemini_Generated_Image_2ppzz92ppzz92ppz.webp","4100","Inmediato","Outlet","outlet-gpu","12","Producto premium de la categoría Tarjetas de Video Outlet en liquidación y oferta.","5535","OLG-016","25% OFF","N/A","Garantía oficial y entrega inmediata."
"OLG-017","NVIDIA RTX 3060 Ti Refurbished","assets/img/bocinas/Gemini_Generated_Image_2ppzz92ppzz92ppz.webp","5200","Inmediato","Outlet","outlet-gpu","12","Producto premium de la categoría Tarjetas de Video Outlet en liquidación y oferta.","7020","OLG-017","25% OFF","N/A","Garantía oficial y entrega inmediata."
"OLG-018","AMD Radeon RX 6700 XT Refurb","assets/img/bocinas/Gemini_Generated_Image_2ppzz92ppzz92ppz.webp","6800","Inmediato","Outlet","outlet-gpu","12","Producto premium de la categoría Tarjetas de Video Outlet en liquidación y oferta.","9180","OLG-018","25% OFF","N/A","Garantía oficial y entrega inmediata."
"OLG-019","NVIDIA RTX 4070 Windforce OC","assets/img/bocinas/Gemini_Generated_Image_2ppzz92ppzz92ppz.webp","12500","Inmediato","Outlet","outlet-gpu","12","Producto premium de la categoría Tarjetas de Video Outlet en liquidación y oferta.","16875","OLG-019","25% OFF","N/A","Garantía oficial y entrega inmediata."
"OLG-020","NVIDIA RTX 3050 Low Profile","assets/img/bocinas/Gemini_Generated_Image_2ppzz92ppzz92ppz.webp","3800","Inmediato","Outlet","outlet-gpu","12","Producto premium de la categoría Tarjetas de Video Outlet en liquidación y oferta.","5130","OLG-020","25% OFF","N/A","Garantía oficial y entrega inmediata."
"OLC-001","Intel Core i5-12400F Outlet","assets/img/bocinas/Gemini_Generated_Image_2ppzz92ppzz92ppz.webp","1900","Inmediato","Outlet","outlet-cpu","12","Producto premium de la categoría Procesadores Outlet en liquidación y oferta.","2565","OLC-001","25% OFF","N/A","Garantía oficial y entrega inmediata."
"OLC-002","Intel Core i7-12700K Refurb","assets/img/bocinas/Gemini_Generated_Image_2ppzz92ppzz92ppz.webp","3800","Inmediato","Outlet","outlet-cpu","12","Producto premium de la categoría Procesadores Outlet en liquidación y oferta.","5130","OLC-002","25% OFF","N/A","Garantía oficial y entrega inmediata."
"OLC-003","AMD Ryzen 5 5600X Outlet","assets/img/bocinas/Gemini_Generated_Image_2ppzz92ppzz92ppz.webp","2300","Inmediato","Outlet","outlet-cpu","12","Producto premium de la categoría Procesadores Outlet en liquidación y oferta.","3105","OLC-003","25% OFF","N/A","Garantía oficial y entrega inmediata."
"OLC-004","AMD Ryzen 7 5700X Refurb","assets/img/bocinas/Gemini_Generated_Image_2ppzz92ppzz92ppz.webp","3200","Inmediato","Outlet","outlet-cpu","12","Producto premium de la categoría Procesadores Outlet en liquidación y oferta.","4320","OLC-004","25% OFF","N/A","Garantía oficial y entrega inmediata."
"OLC-005","Intel Core i5-13400F Outlet","assets/img/bocinas/Gemini_Generated_Image_2ppzz92ppzz92ppz.webp","2600","Inmediato","Outlet","outlet-cpu","12","Producto premium de la categoría Procesadores Outlet en liquidación y oferta.","3510","OLC-005","25% OFF","N/A","Garantía oficial y entrega inmediata."
"OLC-006","Intel Core i9-13900K Refurbished","assets/img/bocinas/Gemini_Generated_Image_2ppzz92ppzz92ppz.webp","8500","Inmediato","Outlet","outlet-cpu","12","Producto premium de la categoría Procesadores Outlet en liquidación y oferta.","11475","OLC-006","25% OFF","N/A","Garantía oficial y entrega inmediata."
"OLC-007","AMD Ryzen 5 7600X Outlet","assets/img/bocinas/Gemini_Generated_Image_2ppzz92ppzz92ppz.webp","3500","Inmediato","Outlet","outlet-cpu","12","Producto premium de la categoría Procesadores Outlet en liquidación y oferta.","4725","OLC-007","25% OFF","N/A","Garantía oficial y entrega inmediata."
"OLC-008","AMD Ryzen 7 7800X3D Outlet","assets/img/bocinas/Gemini_Generated_Image_2ppzz92ppzz92ppz.webp","6999","Inmediato","Outlet","outlet-cpu","12","Producto premium de la categoría Procesadores Outlet en liquidación y oferta.","9448","OLC-008","25% OFF","N/A","Garantía oficial y entrega inmediata."
"OLC-009","Intel Core i7-14700K Outlet","assets/img/bocinas/Gemini_Generated_Image_2ppzz92ppzz92ppz.webp","6200","Inmediato","Outlet","outlet-cpu","12","Producto premium de la categoría Procesadores Outlet en liquidación y oferta.","8370","OLC-009","25% OFF","N/A","Garantía oficial y entrega inmediata."
"OLC-010","AMD Ryzen 9 7900X Refurbished","assets/img/bocinas/Gemini_Generated_Image_2ppzz92ppzz92ppz.webp","7200","Inmediato","Outlet","outlet-cpu","12","Producto premium de la categoría Procesadores Outlet en liquidación y oferta.","9720","OLC-010","25% OFF","N/A","Garantía oficial y entrega inmediata."
"OLC-011","Intel Core i3-12100F Outlet","assets/img/bocinas/Gemini_Generated_Image_2ppzz92ppzz92ppz.webp","1200","Inmediato","Outlet","outlet-cpu","12","Producto premium de la categoría Procesadores Outlet en liquidación y oferta.","1620","OLC-011","25% OFF","N/A","Garantía oficial y entrega inmediata."
"OLC-012","AMD Ryzen 5 4500 Outlet","assets/img/bocinas/Gemini_Generated_Image_2ppzz92ppzz92ppz.webp","1300","Inmediato","Outlet","outlet-cpu","12","Producto premium de la categoría Procesadores Outlet en liquidación y oferta.","1755","OLC-012","25% OFF","N/A","Garantía oficial y entrega inmediata."
"OLC-013","Intel Core i5-14400F Outlet","assets/img/bocinas/Gemini_Generated_Image_2ppzz92ppzz92ppz.webp","3400","Inmediato","Outlet","outlet-cpu","12","Producto premium de la categoría Procesadores Outlet en liquidación y oferta.","4590","OLC-013","25% OFF","N/A","Garantía oficial y entrega inmediata."
"OLC-014","Intel Core i9-14900K Refurb","assets/img/bocinas/Gemini_Generated_Image_2ppzz92ppzz92ppz.webp","9900","Inmediato","Outlet","outlet-cpu","12","Producto premium de la categoría Procesadores Outlet en liquidación y oferta.","13365","OLC-014","25% OFF","N/A","Garantía oficial y entrega inmediata."
"OLC-015","AMD Ryzen 5 5500 Outlet","assets/img/bocinas/Gemini_Generated_Image_2ppzz92ppzz92ppz.webp","1600","Inmediato","Outlet","outlet-cpu","12","Producto premium de la categoría Procesadores Outlet en liquidación y oferta.","2160","OLC-015","25% OFF","N/A","Garantía oficial y entrega inmediata."
"OLC-016","AMD Ryzen 7 5700G con Video","assets/img/bocinas/Gemini_Generated_Image_2ppzz92ppzz92ppz.webp","2999","Inmediato","Outlet","outlet-cpu","12","Producto premium de la categoría Procesadores Outlet en liquidación y oferta.","4048","OLC-016","25% OFF","N/A","Garantía oficial y entrega inmediata."
"OLC-017","Intel Core i7-13700KF Outlet","assets/img/bocinas/Gemini_Generated_Image_2ppzz92ppzz92ppz.webp","5500","Inmediato","Outlet","outlet-cpu","12","Producto premium de la categoría Procesadores Outlet en liquidación y oferta.","7425","OLC-017","25% OFF","N/A","Garantía oficial y entrega inmediata."
"OLC-018","AMD Ryzen 9 5900X Refurb","assets/img/bocinas/Gemini_Generated_Image_2ppzz92ppzz92ppz.webp","5200","Inmediato","Outlet","outlet-cpu","12","Producto premium de la categoría Procesadores Outlet en liquidación y oferta.","7020","OLC-018","25% OFF","N/A","Garantía oficial y entrega inmediata."
"OLC-019","Intel Core i3-14100F Outlet","assets/img/bocinas/Gemini_Generated_Image_2ppzz92ppzz92ppz.webp","1750","Inmediato","Outlet","outlet-cpu","12","Producto premium de la categoría Procesadores Outlet en liquidación y oferta.","2362","OLC-019","25% OFF","N/A","Garantía oficial y entrega inmediata."
"OLC-020","AMD Ryzen 5 8600G con IA","assets/img/bocinas/Gemini_Generated_Image_2ppzz92ppzz92ppz.webp","3800","Inmediato","Outlet","outlet-cpu","12","Producto premium de la categoría Procesadores Outlet en liquidación y oferta.","5130","OLC-020","25% OFF","N/A","Garantía oficial y entrega inmediata."
"OLCI-001","Cigarros Marlboro Rojo Box (20)","assets/img/bocinas/Gemini_Generated_Image_2ppzz92ppzz92ppz.webp","72","Inmediato","Outlet","outlet-cigarros","12","Producto premium de la categoría Cigarros en Oferta en liquidación y oferta.","97","OLCI-001","25% OFF","N/A","Garantía oficial y entrega inmediata."
"OLCI-002","Cigarros Camel Filter Box (20)","assets/img/bocinas/Gemini_Generated_Image_2ppzz92ppzz92ppz.webp","70","Inmediato","Outlet","outlet-cigarros","12","Producto premium de la categoría Cigarros en Oferta en liquidación y oferta.","94","OLCI-002","25% OFF","N/A","Garantía oficial y entrega inmediata."
"OLCI-003","Cigarros Benson Blue Box (20)","assets/img/bocinas/Gemini_Generated_Image_2ppzz92ppzz92ppz.webp","74","Inmediato","Outlet","outlet-cigarros","12","Producto premium de la categoría Cigarros en Oferta en liquidación y oferta.","99","OLCI-003","25% OFF","N/A","Garantía oficial y entrega inmediata."
"OLCI-004","Cigarros Pall Mall Red (20)","assets/img/bocinas/Gemini_Generated_Image_2ppzz92ppzz92ppz.webp","68","Inmediato","Outlet","outlet-cigarros","12","Producto premium de la categoría Cigarros en Oferta en liquidación y oferta.","91","OLCI-004","25% OFF","N/A","Garantía oficial y entrega inmediata."
"OLCI-005","Cigarros Chesterfield Red (20)","assets/img/bocinas/Gemini_Generated_Image_2ppzz92ppzz92ppz.webp","63","Inmediato","Outlet","outlet-cigarros","12","Producto premium de la categoría Cigarros en Oferta en liquidación y oferta.","85","OLCI-005","25% OFF","N/A","Garantía oficial y entrega inmediata."
"OLCI-006","Cigarros Lucky Strike Red (20)","assets/img/bocinas/Gemini_Generated_Image_2ppzz92ppzz92ppz.webp","68","Inmediato","Outlet","outlet-cigarros","12","Producto premium de la categoría Cigarros en Oferta en liquidación y oferta.","91","OLCI-006","25% OFF","N/A","Garantía oficial y entrega inmediata."
"OLCI-007","Cigarros Delicados Ovalados (20)","assets/img/bocinas/Gemini_Generated_Image_2ppzz92ppzz92ppz.webp","65","Inmediato","Outlet","outlet-cigarros","12","Producto premium de la categoría Cigarros en Oferta en liquidación y oferta.","87","OLCI-007","25% OFF","N/A","Garantía oficial y entrega inmediata."
"OLCI-008","Cigarros Marlboro White Box (20)","assets/img/bocinas/Gemini_Generated_Image_2ppzz92ppzz92ppz.webp","72","Inmediato","Outlet","outlet-cigarros","12","Producto premium de la categoría Cigarros en Oferta en liquidación y oferta.","97","OLCI-008","25% OFF","N/A","Garantía oficial y entrega inmediata."
"OLCI-009","Cigarros Camel Light Box (20)","assets/img/bocinas/Gemini_Generated_Image_2ppzz92ppzz92ppz.webp","70","Inmediato","Outlet","outlet-cigarros","12","Producto premium de la categoría Cigarros en Oferta en liquidación y oferta.","94","OLCI-009","25% OFF","N/A","Garantía oficial y entrega inmediata."
"OLCI-010","Cigarros Benson Menthol Box (20)","assets/img/bocinas/Gemini_Generated_Image_2ppzz92ppzz92ppz.webp","74","Inmediato","Outlet","outlet-cigarros","12","Producto premium de la categoría Cigarros en Oferta en liquidación y oferta.","99","OLCI-010","25% OFF","N/A","Garantía oficial y entrega inmediata."
"OLCI-011","Cigarros Pall Mall Menthol (20)","assets/img/bocinas/Gemini_Generated_Image_2ppzz92ppzz92ppz.webp","68","Inmediato","Outlet","outlet-cigarros","12","Producto premium de la categoría Cigarros en Oferta en liquidación y oferta.","91","OLCI-011","25% OFF","N/A","Garantía oficial y entrega inmediata."
"OLCI-012","Cigarros Chesterfield Blue (20)","assets/img/bocinas/Gemini_Generated_Image_2ppzz92ppzz92ppz.webp","63","Inmediato","Outlet","outlet-cigarros","12","Producto premium de la categoría Cigarros en Oferta en liquidación y oferta.","85","OLCI-012","25% OFF","N/A","Garantía oficial y entrega inmediata."
"OLCI-013","Cigarros Lucky Strike Blue (20)","assets/img/bocinas/Gemini_Generated_Image_2ppzz92ppzz92ppz.webp","68","Inmediato","Outlet","outlet-cigarros","12","Producto premium de la categoría Cigarros en Oferta en liquidación y oferta.","91","OLCI-013","25% OFF","N/A","Garantía oficial y entrega inmediata."
"OLCI-014","Cigarros Winston Red Box (20)","assets/img/bocinas/Gemini_Generated_Image_2ppzz92ppzz92ppz.webp","66","Inmediato","Outlet","outlet-cigarros","12","Producto premium de la categoría Cigarros en Oferta en liquidación y oferta.","89","OLCI-014","25% OFF","N/A","Garantía oficial y entrega inmediata."
"OLCI-015","Cigarros Marlboro Ice Fusion Box","assets/img/bocinas/Gemini_Generated_Image_2ppzz92ppzz92ppz.webp","74","Inmediato","Outlet","outlet-cigarros","12","Producto premium de la categoría Cigarros en Oferta en liquidación y oferta.","99","OLCI-015","25% OFF","N/A","Garantía oficial y entrega inmediata."
"OLCI-016","Cigarros Camel Activate Box (20)","assets/img/bocinas/Gemini_Generated_Image_2ppzz92ppzz92ppz.webp","72","Inmediato","Outlet","outlet-cigarros","12","Producto premium de la categoría Cigarros en Oferta en liquidación y oferta.","97","OLCI-016","25% OFF","N/A","Garantía oficial y entrega inmediata."
"OLCI-017","Cigarros Benson Crystal Box (20)","assets/img/bocinas/Gemini_Generated_Image_2ppzz92ppzz92ppz.webp","74","Inmediato","Outlet","outlet-cigarros","12","Producto premium de la categoría Cigarros en Oferta en liquidación y oferta.","99","OLCI-017","25% OFF","N/A","Garantía oficial y entrega inmediata."
"OLCI-018","Cigarros Lucky Strike Double (20)","assets/img/bocinas/Gemini_Generated_Image_2ppzz92ppzz92ppz.webp","70","Inmediato","Outlet","outlet-cigarros","12","Producto premium de la categoría Cigarros en Oferta en liquidación y oferta.","94","OLCI-018","25% OFF","N/A","Garantía oficial y entrega inmediata."
"OLCI-019","Cigarros Pall Mall MyMix Box (20)","assets/img/bocinas/Gemini_Generated_Image_2ppzz92ppzz92ppz.webp","68","Inmediato","Outlet","outlet-cigarros","12","Producto premium de la categoría Cigarros en Oferta en liquidación y oferta.","91","OLCI-019","25% OFF","N/A","Garantía oficial y entrega inmediata."
"OLCI-020","Cigarros Delicados con Filtro (20)","assets/img/bocinas/Gemini_Generated_Image_2ppzz92ppzz92ppz.webp","65","Inmediato","Outlet","outlet-cigarros","12","Producto premium de la categoría Cigarros en Oferta en liquidación y oferta.","87","OLCI-020","25% OFF","N/A","Garantía oficial y entrega inmediata."
"OLP-001","Puro Santa Clara 1830 Outlet","assets/img/bocinas/Gemini_Generated_Image_2ppzz92ppzz92ppz.webp","120","Inmediato","Outlet","outlet-puros","12","Producto premium de la categoría Puros en Oferta en liquidación y oferta.","162","OLP-001","25% OFF","N/A","Garantía oficial y entrega inmediata."
"OLP-002","Puro Te-Amo Robusto Outlet","assets/img/bocinas/Gemini_Generated_Image_2ppzz92ppzz92ppz.webp","99","Inmediato","Outlet","outlet-puros","12","Producto premium de la categoría Puros en Oferta en liquidación y oferta.","133","OLP-002","25% OFF","N/A","Garantía oficial y entrega inmediata."
"OLP-003","Puro Magnates Veracruzano Outlet","assets/img/bocinas/Gemini_Generated_Image_2ppzz92ppzz92ppz.webp","140","Inmediato","Outlet","outlet-puros","12","Producto premium de la categoría Puros en Oferta en liquidación y oferta.","189","OLP-003","25% OFF","N/A","Garantía oficial y entrega inmediata."
"OLP-004","Puro Joya de San Andrés Outlet","assets/img/bocinas/Gemini_Generated_Image_2ppzz92ppzz92ppz.webp","110","Inmediato","Outlet","outlet-puros","12","Producto premium de la categoría Puros en Oferta en liquidación y oferta.","148","OLP-004","25% OFF","N/A","Garantía oficial y entrega inmediata."
"OLP-005","Puro A. Turrent Clásico Outlet","assets/img/bocinas/Gemini_Generated_Image_2ppzz92ppzz92ppz.webp","125","Inmediato","Outlet","outlet-puros","12","Producto premium de la categoría Puros en Oferta en liquidación y oferta.","168","OLP-005","25% OFF","N/A","Garantía oficial y entrega inmediata."
"OLP-006","Puro Casa Turrent Serie 1901 Out","assets/img/bocinas/Gemini_Generated_Image_2ppzz92ppzz92ppz.webp","175","Inmediato","Outlet","outlet-puros","12","Producto premium de la categoría Puros en Oferta en liquidación y oferta.","236","OLP-006","25% OFF","N/A","Garantía oficial y entrega inmediata."
"OLP-007","Puro Te-Amo Cuba Blend Outlet","assets/img/bocinas/Gemini_Generated_Image_2ppzz92ppzz92ppz.webp","105","Inmediato","Outlet","outlet-puros","12","Producto premium de la categoría Puros en Oferta en liquidación y oferta.","141","OLP-007","25% OFF","N/A","Garantía oficial y entrega inmediata."
"OLP-008","Puro Santa Clara Maduro Outlet","assets/img/bocinas/Gemini_Generated_Image_2ppzz92ppzz92ppz.webp","130","Inmediato","Outlet","outlet-puros","12","Producto premium de la categoría Puros en Oferta en liquidación y oferta.","175","OLP-008","25% OFF","N/A","Garantía oficial y entrega inmediata."
"OLP-009","Puro Irene San Andrés Outlet","assets/img/bocinas/Gemini_Generated_Image_2ppzz92ppzz92ppz.webp","88","Inmediato","Outlet","outlet-puros","12","Producto premium de la categoría Puros en Oferta en liquidación y oferta.","118","OLP-009","25% OFF","N/A","Garantía oficial y entrega inmediata."
"OLP-010","Puro Te-Amo Honduras Outlet","assets/img/bocinas/Gemini_Generated_Image_2ppzz92ppzz92ppz.webp","105","Inmediato","Outlet","outlet-puros","12","Producto premium de la categoría Puros en Oferta en liquidación y oferta.","141","OLP-010","25% OFF","N/A","Garantía oficial y entrega inmediata."
"OLP-011","Puro Turrent Serie 1942 Outlet","assets/img/bocinas/Gemini_Generated_Image_2ppzz92ppzz92ppz.webp","199","Inmediato","Outlet","outlet-puros","12","Producto premium de la categoría Puros en Oferta en liquidación y oferta.","268","OLP-011","25% OFF","N/A","Garantía oficial y entrega inmediata."
"OLP-012","Puro Veracruz Especial Outlet","assets/img/bocinas/Gemini_Generated_Image_2ppzz92ppzz92ppz.webp","75","Inmediato","Outlet","outlet-puros","12","Producto premium de la categoría Puros en Oferta en liquidación y oferta.","101","OLP-012","25% OFF","N/A","Garantía oficial y entrega inmediata."
"OLP-013","Puro Don Chicho Robusto Outlet","assets/img/bocinas/Gemini_Generated_Image_2ppzz92ppzz92ppz.webp","110","Inmediato","Outlet","outlet-puros","12","Producto premium de la categoría Puros en Oferta en liquidación y oferta.","148","OLP-013","25% OFF","N/A","Garantía oficial y entrega inmediata."
"OLP-014","Puro Santa Clara Reserva Outlet","assets/img/bocinas/Gemini_Generated_Image_2ppzz92ppzz92ppz.webp","160","Inmediato","Outlet","outlet-puros","12","Producto premium de la categoría Puros en Oferta en liquidación y oferta.","216","OLP-014","25% OFF","N/A","Garantía oficial y entrega inmediata."
"OLP-015","Puro Te-Amo Nicaragua Outlet","assets/img/bocinas/Gemini_Generated_Image_2ppzz92ppzz92ppz.webp","105","Inmediato","Outlet","outlet-puros","12","Producto premium de la categoría Puros en Oferta en liquidación y oferta.","141","OLP-015","25% OFF","N/A","Garantía oficial y entrega inmediata."
"OLP-016","Puro Joya Huasteca Outlet","assets/img/bocinas/Gemini_Generated_Image_2ppzz92ppzz92ppz.webp","125","Inmediato","Outlet","outlet-puros","12","Producto premium de la categoría Puros en Oferta en liquidación y oferta.","168","OLP-016","25% OFF","N/A","Garantía oficial y entrega inmediata."
"OLP-017","Puro Don Jose Torpedo Outlet","assets/img/bocinas/Gemini_Generated_Image_2ppzz92ppzz92ppz.webp","140","Inmediato","Outlet","outlet-puros","12","Producto premium de la categoría Puros en Oferta en liquidación y oferta.","189","OLP-017","25% OFF","N/A","Garantía oficial y entrega inmediata."
"OLP-018","Puro Casa Turrent 1973 Outlet","assets/img/bocinas/Gemini_Generated_Image_2ppzz92ppzz92ppz.webp","175","Inmediato","Outlet","outlet-puros","12","Producto premium de la categoría Puros en Oferta en liquidación y oferta.","236","OLP-018","25% OFF","N/A","Garantía oficial y entrega inmediata."
"OLP-019","Puro Te-Amo World Selection Out","assets/img/bocinas/Gemini_Generated_Image_2ppzz92ppzz92ppz.webp","120","Inmediato","Outlet","outlet-puros","12","Producto premium de la categoría Puros en Oferta en liquidación y oferta.","162","OLP-019","25% OFF","N/A","Garantía oficial y entrega inmediata."
"OLP-020","Puro Santa Clara Special Outlet","assets/img/bocinas/Gemini_Generated_Image_2ppzz92ppzz92ppz.webp","199","Inmediato","Outlet","outlet-puros","12","Producto premium de la categoría Puros en Oferta en liquidación y oferta.","268","OLP-020","25% OFF","N/A","Garantía oficial y entrega inmediata."
"OLCH-001","Chocolate Hershey's Leche Outlet","assets/img/bocinas/Gemini_Generated_Image_2ppzz92ppzz92ppz.webp","16","Inmediato","Outlet","outlet-chocolates","12","Producto premium de la categoría Chocolates Outlet en liquidación y oferta.","21","OLCH-001","25% OFF","N/A","Garantía oficial y entrega inmediata."
"OLCH-002","Chocolate Carlos V Nestlé Outlet","assets/img/bocinas/Gemini_Generated_Image_2ppzz92ppzz92ppz.webp","9","Inmediato","Outlet","outlet-chocolates","12","Producto premium de la categoría Chocolates Outlet en liquidación y oferta.","12","OLCH-002","25% OFF","N/A","Garantía oficial y entrega inmediata."
"OLCH-003","Chocolate Milky Way Barra Outlet","assets/img/bocinas/Gemini_Generated_Image_2ppzz92ppzz92ppz.webp","14","Inmediato","Outlet","outlet-chocolates","12","Producto premium de la categoría Chocolates Outlet en liquidación y oferta.","18","OLCH-003","25% OFF","N/A","Garantía oficial y entrega inmediata."
"OLCH-004","Chocolate Snickers Cacahuate Out","assets/img/bocinas/Gemini_Generated_Image_2ppzz92ppzz92ppz.webp","14","Inmediato","Outlet","outlet-chocolates","12","Producto premium de la categoría Chocolates Outlet en liquidación y oferta.","18","OLCH-004","25% OFF","N/A","Garantía oficial y entrega inmediata."
"OLCH-005","Chocolate M&M's Cacahuate Outlet","assets/img/bocinas/Gemini_Generated_Image_2ppzz92ppzz92ppz.webp","18","Inmediato","Outlet","outlet-chocolates","12","Producto premium de la categoría Chocolates Outlet en liquidación y oferta.","24","OLCH-005","25% OFF","N/A","Garantía oficial y entrega inmediata."
"OLCH-006","Kisses Hershey's Bolsa Outlet","assets/img/bocinas/Gemini_Generated_Image_2ppzz92ppzz92ppz.webp","36","Inmediato","Outlet","outlet-chocolates","12","Producto premium de la categoría Chocolates Outlet en liquidación y oferta.","48","OLCH-006","25% OFF","N/A","Garantía oficial y entrega inmediata."
"OLCH-007","Chocolate Turin Conejos Outlet","assets/img/bocinas/Gemini_Generated_Image_2ppzz92ppzz92ppz.webp","12","Inmediato","Outlet","outlet-chocolates","12","Producto premium de la categoría Chocolates Outlet en liquidación y oferta.","16","OLCH-007","25% OFF","N/A","Garantía oficial y entrega inmediata."
"OLCH-008","Chocolate Kinder Delice Outlet","assets/img/bocinas/Gemini_Generated_Image_2ppzz92ppzz92ppz.webp","13","Inmediato","Outlet","outlet-chocolates","12","Producto premium de la categoría Chocolates Outlet en liquidación y oferta.","17","OLCH-008","25% OFF","N/A","Garantía oficial y entrega inmediata."
"OLCH-009","Chocolate Kinder Sorpresa Outlet","assets/img/bocinas/Gemini_Generated_Image_2ppzz92ppzz92ppz.webp","25","Inmediato","Outlet","outlet-chocolates","12","Producto premium de la categoría Chocolates Outlet en liquidación y oferta.","33","OLCH-009","25% OFF","N/A","Garantía oficial y entrega inmediata."
"OLCH-010","Chocolate Crunch Nestlé Outlet","assets/img/bocinas/Gemini_Generated_Image_2ppzz92ppzz92ppz.webp","14","Inmediato","Outlet","outlet-chocolates","12","Producto premium de la categoría Chocolates Outlet en liquidación y oferta.","18","OLCH-010","25% OFF","N/A","Garantía oficial y entrega inmediata."
"OLCH-011","Chocolate Turin 70% Cacao Outlet","assets/img/bocinas/Gemini_Generated_Image_2ppzz92ppzz92ppz.webp","35","Inmediato","Outlet","outlet-chocolates","12","Producto premium de la categoría Chocolates Outlet en liquidación y oferta.","47","OLCH-011","25% OFF","N/A","Garantía oficial y entrega inmediata."
"OLCH-012","Chocolate Lindt Excellence 70% Out","assets/img/bocinas/Gemini_Generated_Image_2ppzz92ppzz92ppz.webp","59","Inmediato","Outlet","outlet-chocolates","12","Producto premium de la categoría Chocolates Outlet en liquidación y oferta.","79","OLCH-012","25% OFF","N/A","Garantía oficial y entrega inmediata."
"OLCH-013","Trufas de Chocolate Belga Outlet","assets/img/bocinas/Gemini_Generated_Image_2ppzz92ppzz92ppz.webp","95","Inmediato","Outlet","outlet-chocolates","12","Producto premium de la categoría Chocolates Outlet en liquidación y oferta.","128","OLCH-013","25% OFF","N/A","Garantía oficial y entrega inmediata."
"OLCH-014","Chocolate Lindt Excellence 85% Out","assets/img/bocinas/Gemini_Generated_Image_2ppzz92ppzz92ppz.webp","59","Inmediato","Outlet","outlet-chocolates","12","Producto premium de la categoría Chocolates Outlet en liquidación y oferta.","79","OLCH-014","25% OFF","N/A","Garantía oficial y entrega inmediata."
"OLCH-015","Chocolate Ghirardelli Dark Outlet","assets/img/bocinas/Gemini_Generated_Image_2ppzz92ppzz92ppz.webp","68","Inmediato","Outlet","outlet-chocolates","12","Producto premium de la categoría Chocolates Outlet en liquidación y oferta.","91","OLCH-015","25% OFF","N/A","Garantía oficial y entrega inmediata."
"OLCH-016","Chocolate Turin 80% Cacao Outlet","assets/img/bocinas/Gemini_Generated_Image_2ppzz92ppzz92ppz.webp","38","Inmediato","Outlet","outlet-chocolates","12","Producto premium de la categoría Chocolates Outlet en liquidación y oferta.","51","OLCH-016","25% OFF","N/A","Garantía oficial y entrega inmediata."
"OLCH-017","Chocolate Lindt Sea Salt Outlet","assets/img/bocinas/Gemini_Generated_Image_2ppzz92ppzz92ppz.webp","59","Inmediato","Outlet","outlet-chocolates","12","Producto premium de la categoría Chocolates Outlet en liquidación y oferta.","79","OLCH-017","25% OFF","N/A","Garantía oficial y entrega inmediata."
"OLCH-018","Chocolate Hershey's Dark Outlet","assets/img/bocinas/Gemini_Generated_Image_2ppzz92ppzz92ppz.webp","17","Inmediato","Outlet","outlet-chocolates","12","Producto premium de la categoría Chocolates Outlet en liquidación y oferta.","22","OLCH-018","25% OFF","N/A","Garantía oficial y entrega inmediata."
"OLCH-019","Chocolate Ritter Sport Outlet","assets/img/bocinas/Gemini_Generated_Image_2ppzz92ppzz92ppz.webp","49","Inmediato","Outlet","outlet-chocolates","12","Producto premium de la categoría Chocolates Outlet en liquidación y oferta.","66","OLCH-019","25% OFF","N/A","Garantía oficial y entrega inmediata."
"OLCH-020","Chocolate Turin Matcha Outlet","assets/img/bocinas/Gemini_Generated_Image_2ppzz92ppzz92ppz.webp","42","Inmediato","Outlet","outlet-chocolates","12","Producto premium de la categoría Chocolates Outlet en liquidación y oferta.","56","OLCH-020","25% OFF","N/A","Garantía oficial y entrega inmediata."
"OLDU-001","Gomitas Panditas Ricolino Outlet","assets/img/bocinas/Gemini_Generated_Image_2ppzz92ppzz92ppz.webp","12","Inmediato","Outlet","outlet-dulces","12","Producto premium de la categoría Dulces en Oferta en liquidación y oferta.","16","OLDU-001","25% OFF","N/A","Garantía oficial y entrega inmediata."
"OLDU-002","Gomitas Aros de Durazno Outlet","assets/img/bocinas/Gemini_Generated_Image_2ppzz92ppzz92ppz.webp","14","Inmediato","Outlet","outlet-dulces","12","Producto premium de la categoría Dulces en Oferta en liquidación y oferta.","18","OLDU-002","25% OFF","N/A","Garantía oficial y entrega inmediata."
"OLDU-003","Gomitas Ositos Haribo Outlet","assets/img/bocinas/Gemini_Generated_Image_2ppzz92ppzz92ppz.webp","32","Inmediato","Outlet","outlet-dulces","12","Producto premium de la categoría Dulces en Oferta en liquidación y oferta.","43","OLDU-003","25% OFF","N/A","Garantía oficial y entrega inmediata."
"OLDU-004","Gomitas Lombrices Dulces Outlet","assets/img/bocinas/Gemini_Generated_Image_2ppzz92ppzz92ppz.webp","12","Inmediato","Outlet","outlet-dulces","12","Producto premium de la categoría Dulces en Oferta en liquidación y oferta.","16","OLDU-004","25% OFF","N/A","Garantía oficial y entrega inmediata."
"OLDU-005","Gomitas Gummy Bears Sour Outlet","assets/img/bocinas/Gemini_Generated_Image_2ppzz92ppzz92ppz.webp","32","Inmediato","Outlet","outlet-dulces","12","Producto premium de la categoría Dulces en Oferta en liquidación y oferta.","43","OLDU-005","25% OFF","N/A","Garantía oficial y entrega inmediata."
"OLDU-006","Gomitas Mango con Chile Outlet","assets/img/bocinas/Gemini_Generated_Image_2ppzz92ppzz92ppz.webp","13","Inmediato","Outlet","outlet-dulces","12","Producto premium de la categoría Dulces en Oferta en liquidación y oferta.","17","OLDU-006","25% OFF","N/A","Garantía oficial y entrega inmediata."
"OLDU-007","Gomitas Piña Loca Enchilada Out","assets/img/bocinas/Gemini_Generated_Image_2ppzz92ppzz92ppz.webp","13","Inmediato","Outlet","outlet-dulces","12","Producto premium de la categoría Dulces en Oferta en liquidación y oferta.","17","OLDU-007","25% OFF","N/A","Garantía oficial y entrega inmediata."
"OLDU-008","Girasoles Enchilados Outlet","assets/img/bocinas/Gemini_Generated_Image_2ppzz92ppzz92ppz.webp","14","Inmediato","Outlet","outlet-dulces","12","Producto premium de la categoría Dulces en Oferta en liquidación y oferta.","18","OLDU-008","25% OFF","N/A","Garantía oficial y entrega inmediata."
"OLDU-009","Caramelos Halls Mentol Outlet","assets/img/bocinas/Gemini_Generated_Image_2ppzz92ppzz92ppz.webp","8","Inmediato","Outlet","outlet-dulces","12","Producto premium de la categoría Dulces en Oferta en liquidación y oferta.","10","OLDU-009","25% OFF","N/A","Garantía oficial y entrega inmediata."
"OLDU-010","Caramelos Jolly Rancher Outlet","assets/img/bocinas/Gemini_Generated_Image_2ppzz92ppzz92ppz.webp","19","Inmediato","Outlet","outlet-dulces","12","Producto premium de la categoría Dulces en Oferta en liquidación y oferta.","25","OLDU-010","25% OFF","N/A","Garantía oficial y entrega inmediata."
"OLDU-011","Caramelos de Cajeta Coronado Out","assets/img/bocinas/Gemini_Generated_Image_2ppzz92ppzz92ppz.webp","17","Inmediato","Outlet","outlet-dulces","12","Producto premium de la categoría Dulces en Oferta en liquidación y oferta.","22","OLDU-011","25% OFF","N/A","Garantía oficial y entrega inmediata."
"OLDU-012","Mazapán De La Rosa Gigante Out","assets/img/bocinas/Gemini_Generated_Image_2ppzz92ppzz92ppz.webp","18","Inmediato","Outlet","outlet-dulces","12","Producto premium de la categoría Dulces en Oferta en liquidación y oferta.","24","OLDU-012","25% OFF","N/A","Garantía oficial y entrega inmediata."
"OLDU-013","Pelón Pelo Rico Original Outlet","assets/img/bocinas/Gemini_Generated_Image_2ppzz92ppzz92ppz.webp","9","Inmediato","Outlet","outlet-dulces","12","Producto premium de la categoría Dulces en Oferta en liquidación y oferta.","12","OLDU-013","25% OFF","N/A","Garantía oficial y entrega inmediata."
"OLDU-014","Pulparindo De La Rosa Outlet","assets/img/bocinas/Gemini_Generated_Image_2ppzz92ppzz92ppz.webp","6","Inmediato","Outlet","outlet-dulces","12","Producto premium de la categoría Dulces en Oferta en liquidación y oferta.","8","OLDU-014","25% OFF","N/A","Garantía oficial y entrega inmediata."
"OLDU-015","Paleta Payaso Ricolino Outlet","assets/img/bocinas/Gemini_Generated_Image_2ppzz92ppzz92ppz.webp","16","Inmediato","Outlet","outlet-dulces","12","Producto premium de la categoría Dulces en Oferta en liquidación y oferta.","21","OLDU-015","25% OFF","N/A","Garantía oficial y entrega inmediata."
"OLDU-016","Ollitas de Tamarindo Outlet","assets/img/bocinas/Gemini_Generated_Image_2ppzz92ppzz92ppz.webp","12","Inmediato","Outlet","outlet-dulces","12","Producto premium de la categoría Dulces en Oferta en liquidación y oferta.","16","OLDU-016","25% OFF","N/A","Garantía oficial y entrega inmediata."
"OLDU-017","Pastillas Tic Tac Menta Outlet","assets/img/bocinas/Gemini_Generated_Image_2ppzz92ppzz92ppz.webp","11","Inmediato","Outlet","outlet-dulces","12","Producto premium de la categoría Dulces en Oferta en liquidación y oferta.","14","OLDU-017","25% OFF","N/A","Garantía oficial y entrega inmediata."
"OLDU-018","Chicles Trident Menta Outlet","assets/img/bocinas/Gemini_Generated_Image_2ppzz92ppzz92ppz.webp","12","Inmediato","Outlet","outlet-dulces","12","Producto premium de la categoría Dulces en Oferta en liquidación y oferta.","16","OLDU-018","25% OFF","N/A","Garantía oficial y entrega inmediata."
"OLDU-019","Bombones Gigantes Vainilla Outlet","assets/img/bocinas/Gemini_Generated_Image_2ppzz92ppzz92ppz.webp","22","Inmediato","Outlet","outlet-dulces","12","Producto premium de la categoría Dulces en Oferta en liquidación y oferta.","29","OLDU-019","25% OFF","N/A","Garantía oficial y entrega inmediata."
"OLDU-020","Papas Sabritas Sal de Mar Outlet","assets/img/bocinas/Gemini_Generated_Image_2ppzz92ppzz92ppz.webp","28","Inmediato","Outlet","outlet-dulces","12","Producto premium de la categoría Dulces en Oferta en liquidación y oferta.","37","OLDU-020","25% OFF","N/A","Garantía oficial y entrega inmediata."
"OLRV-001","Revista Muy Interesante Outlet","assets/img/bocinas/Gemini_Generated_Image_2ppzz92ppzz92ppz.webp","60","Inmediato","Outlet","outlet-revistas","12","Producto premium de la categoría Revistas en Remate en liquidación y oferta.","81","OLRV-001","25% OFF","N/A","Garantía oficial y entrega inmediata."
"OLRV-002","Revista National Geographic Outlet","assets/img/bocinas/Gemini_Generated_Image_2ppzz92ppzz92ppz.webp","68","Inmediato","Outlet","outlet-revistas","12","Producto premium de la categoría Revistas en Remate en liquidación y oferta.","91","OLRV-002","25% OFF","N/A","Garantía oficial y entrega inmediata."
"OLRV-003","Revista Scientific American Out","assets/img/bocinas/Gemini_Generated_Image_2ppzz92ppzz92ppz.webp","99","Inmediato","Outlet","outlet-revistas","12","Producto premium de la categoría Revistas en Remate en liquidación y oferta.","133","OLRV-003","25% OFF","N/A","Garantía oficial y entrega inmediata."
"OLRV-004","Revista Muy Interesante Ciencia Out","assets/img/bocinas/Gemini_Generated_Image_2ppzz92ppzz92ppz.webp","60","Inmediato","Outlet","outlet-revistas","12","Producto premium de la categoría Revistas en Remate en liquidación y oferta.","81","OLRV-004","25% OFF","N/A","Garantía oficial y entrega inmediata."
"OLRV-005","NatGeo Coleccionista Espacio Out","assets/img/bocinas/Gemini_Generated_Image_2ppzz92ppzz92ppz.webp","110","Inmediato","Outlet","outlet-revistas","12","Producto premium de la categoría Revistas en Remate en liquidación y oferta.","148","OLRV-005","25% OFF","N/A","Garantía oficial y entrega inmediata."
"OLRV-006","Revista Cómo Funciona Outlet","assets/img/bocinas/Gemini_Generated_Image_2ppzz92ppzz92ppz.webp","68","Inmediato","Outlet","outlet-revistas","12","Producto premium de la categoría Revistas en Remate en liquidación y oferta.","91","OLRV-006","25% OFF","N/A","Garantía oficial y entrega inmediata."
"OLRV-007","Revista Astronomía Práctica Out","assets/img/bocinas/Gemini_Generated_Image_2ppzz92ppzz92ppz.webp","78","Inmediato","Outlet","outlet-revistas","12","Producto premium de la categoría Revistas en Remate en liquidación y oferta.","105","OLRV-007","25% OFF","N/A","Garantía oficial y entrega inmediata."
"OLRV-008","Revista Arqueología Mexicana Out","assets/img/bocinas/Gemini_Generated_Image_2ppzz92ppzz92ppz.webp","70","Inmediato","Outlet","outlet-revistas","12","Producto premium de la categoría Revistas en Remate en liquidación y oferta.","94","OLRV-008","25% OFF","N/A","Garantía oficial y entrega inmediata."
"OLRV-009","Muy Interesante Especial Hist Out","assets/img/bocinas/Gemini_Generated_Image_2ppzz92ppzz92ppz.webp","60","Inmediato","Outlet","outlet-revistas","12","Producto premium de la categoría Revistas en Remate en liquidación y oferta.","81","OLRV-009","25% OFF","N/A","Garantía oficial y entrega inmediata."
"OLRV-010","NatGeo Especial Antiguo Egipto Out","assets/img/bocinas/Gemini_Generated_Image_2ppzz92ppzz92ppz.webp","110","Inmediato","Outlet","outlet-revistas","12","Producto premium de la categoría Revistas en Remate en liquidación y oferta.","148","OLRV-010","25% OFF","N/A","Garantía oficial y entrega inmediata."
"OLRV-011","Revista Vogue Edición México Out","assets/img/bocinas/Gemini_Generated_Image_2ppzz92ppzz92ppz.webp","85","Inmediato","Outlet","outlet-revistas","12","Producto premium de la categoría Revistas en Remate en liquidación y oferta.","114","OLRV-011","25% OFF","N/A","Garantía oficial y entrega inmediata."
"OLRV-012","Revista Cosmopolitan Moda Outlet","assets/img/bocinas/Gemini_Generated_Image_2ppzz92ppzz92ppz.webp","52","Inmediato","Outlet","outlet-revistas","12","Producto premium de la categoría Revistas en Remate en liquidación y oferta.","70","OLRV-012","25% OFF","N/A","Garantía oficial y entrega inmediata."
"OLRV-013","Revista Elle Moda Outlet","assets/img/bocinas/Gemini_Generated_Image_2ppzz92ppzz92ppz.webp","68","Inmediato","Outlet","outlet-revistas","12","Producto premium de la categoría Revistas en Remate en liquidación y oferta.","91","OLRV-013","25% OFF","N/A","Garantía oficial y entrega inmediata."
"OLRV-014","Revista Harper's Bazaar Outlet","assets/img/bocinas/Gemini_Generated_Image_2ppzz92ppzz92ppz.webp","78","Inmediato","Outlet","outlet-revistas","12","Producto premium de la categoría Revistas en Remate en liquidación y oferta.","105","OLRV-014","25% OFF","N/A","Garantía oficial y entrega inmediata."
"OLRV-015","Revista Marie Claire Outlet","assets/img/bocinas/Gemini_Generated_Image_2ppzz92ppzz92ppz.webp","60","Inmediato","Outlet","outlet-revistas","12","Producto premium de la categoría Revistas en Remate en liquidación y oferta.","81","OLRV-015","25% OFF","N/A","Garantía oficial y entrega inmediata."
"OLRV-016","Revista NatGeo Viajes Outlet","assets/img/bocinas/Gemini_Generated_Image_2ppzz92ppzz92ppz.webp","68","Inmediato","Outlet","outlet-revistas","12","Producto premium de la categoría Revistas en Remate en liquidación y oferta.","91","OLRV-016","25% OFF","N/A","Garantía oficial y entrega inmediata."
"OLRV-017","Revista Viajar Destinos Outlet","assets/img/bocinas/Gemini_Generated_Image_2ppzz92ppzz92ppz.webp","62","Inmediato","Outlet","outlet-revistas","12","Producto premium de la categoría Revistas en Remate en liquidación y oferta.","83","OLRV-017","25% OFF","N/A","Garantía oficial y entrega inmediata."
"OLRV-018","Revista Condé Nast Traveler Out","assets/img/bocinas/Gemini_Generated_Image_2ppzz92ppzz92ppz.webp","78","Inmediato","Outlet","outlet-revistas","12","Producto premium de la categoría Revistas en Remate en liquidación y oferta.","105","OLRV-018","25% OFF","N/A","Garantía oficial y entrega inmediata."
"OLRV-019","Revista Lonely Planet Outlet","assets/img/bocinas/Gemini_Generated_Image_2ppzz92ppzz92ppz.webp","60","Inmediato","Outlet","outlet-revistas","12","Producto premium de la categoría Revistas en Remate en liquidación y oferta.","81","OLRV-019","25% OFF","N/A","Garantía oficial y entrega inmediata."
"OLRV-020","Revista México Desconocido Outlet","assets/img/bocinas/Gemini_Generated_Image_2ppzz92ppzz92ppz.webp","52","Inmediato","Outlet","outlet-revistas","12","Producto premium de la categoría Revistas en Remate en liquidación y oferta.","70","OLRV-020","25% OFF","N/A","Garantía oficial y entrega inmediata."
"OLCM-001","Comic Spider-Man No. 1 Outlet","assets/img/bocinas/Gemini_Generated_Image_2ppzz92ppzz92ppz.webp","52","Inmediato","Outlet","outlet-comics","12","Producto premium de la categoría Cómics en Remate en liquidación y oferta.","70","OLCM-001","25% OFF","N/A","Garantía oficial y entrega inmediata."
"OLCM-002","Comic Batman: Detective Comics Out","assets/img/bocinas/Gemini_Generated_Image_2ppzz92ppzz92ppz.webp","52","Inmediato","Outlet","outlet-comics","12","Producto premium de la categoría Cómics en Remate en liquidación y oferta.","70","OLCM-002","25% OFF","N/A","Garantía oficial y entrega inmediata."
"OLCM-003","Comic Avengers Assemble Outlet","assets/img/bocinas/Gemini_Generated_Image_2ppzz92ppzz92ppz.webp","60","Inmediato","Outlet","outlet-comics","12","Producto premium de la categoría Cómics en Remate en liquidación y oferta.","81","OLCM-003","25% OFF","N/A","Garantía oficial y entrega inmediata."
"OLCM-004","Comic Superman: Action Comics Out","assets/img/bocinas/Gemini_Generated_Image_2ppzz92ppzz92ppz.webp","52","Inmediato","Outlet","outlet-comics","12","Producto premium de la categoría Cómics en Remate en liquidación y oferta.","70","OLCM-004","25% OFF","N/A","Garantía oficial y entrega inmediata."
"OLCM-005","Comic X-Men: First Class Outlet","assets/img/bocinas/Gemini_Generated_Image_2ppzz92ppzz92ppz.webp","60","Inmediato","Outlet","outlet-comics","12","Producto premium de la categoría Cómics en Remate en liquidación y oferta.","81","OLCM-005","25% OFF","N/A","Garantía oficial y entrega inmediata."
"OLCM-006","Comic Wonder Woman: Rebirth Out","assets/img/bocinas/Gemini_Generated_Image_2ppzz92ppzz92ppz.webp","52","Inmediato","Outlet","outlet-comics","12","Producto premium de la categoría Cómics en Remate en liquidación y oferta.","70","OLCM-006","25% OFF","N/A","Garantía oficial y entrega inmediata."
"OLCM-007","Comic Iron Man: Extremis Outlet","assets/img/bocinas/Gemini_Generated_Image_2ppzz92ppzz92ppz.webp","68","Inmediato","Outlet","outlet-comics","12","Producto premium de la categoría Cómics en Remate en liquidación y oferta.","91","OLCM-007","25% OFF","N/A","Garantía oficial y entrega inmediata."
"OLCM-008","Comic Flash: Rebirth Outlet","assets/img/bocinas/Gemini_Generated_Image_2ppzz92ppzz92ppz.webp","52","Inmediato","Outlet","outlet-comics","12","Producto premium de la categoría Cómics en Remate en liquidación y oferta.","70","OLCM-008","25% OFF","N/A","Garantía oficial y entrega inmediata."
"OLCM-009","Comic Thor: God of Thunder Outlet","assets/img/bocinas/Gemini_Generated_Image_2ppzz92ppzz92ppz.webp","60","Inmediato","Outlet","outlet-comics","12","Producto premium de la categoría Cómics en Remate en liquidación y oferta.","81","OLCM-009","25% OFF","N/A","Garantía oficial y entrega inmediata."
"OLCM-010","Comic Justice League: Origin Out","assets/img/bocinas/Gemini_Generated_Image_2ppzz92ppzz92ppz.webp","60","Inmediato","Outlet","outlet-comics","12","Producto premium de la categoría Cómics en Remate en liquidación y oferta.","81","OLCM-010","25% OFF","N/A","Garantía oficial y entrega inmediata."
"OLCM-011","Comic Saga Vol. 1 Image Outlet","assets/img/bocinas/Gemini_Generated_Image_2ppzz92ppzz92ppz.webp","140","Inmediato","Outlet","outlet-comics","12","Producto premium de la categoría Cómics en Remate en liquidación y oferta.","189","OLCM-011","25% OFF","N/A","Garantía oficial y entrega inmediata."
"OLCM-012","Comic Spawn Classic No. 1 Outlet","assets/img/bocinas/Gemini_Generated_Image_2ppzz92ppzz92ppz.webp","70","Inmediato","Outlet","outlet-comics","12","Producto premium de la categoría Cómics en Remate en liquidación y oferta.","94","OLCM-012","25% OFF","N/A","Garantía oficial y entrega inmediata."
"OLCM-013","Comic Invincible Vol. 1 Outlet","assets/img/bocinas/Gemini_Generated_Image_2ppzz92ppzz92ppz.webp","160","Inmediato","Outlet","outlet-comics","12","Producto premium de la categoría Cómics en Remate en liquidación y oferta.","216","OLCM-013","25% OFF","N/A","Garantía oficial y entrega inmediata."
"OLCM-014","Comic The Walking Dead Vol. 1 Out","assets/img/bocinas/Gemini_Generated_Image_2ppzz92ppzz92ppz.webp","130","Inmediato","Outlet","outlet-comics","12","Producto premium de la categoría Cómics en Remate en liquidación y oferta.","175","OLCM-014","25% OFF","N/A","Garantía oficial y entrega inmediata."
"OLCM-015","Comic Hellboy: Seed of Dest Outlet","assets/img/bocinas/Gemini_Generated_Image_2ppzz92ppzz92ppz.webp","175","Inmediato","Outlet","outlet-comics","12","Producto premium de la categoría Cómics en Remate en liquidación y oferta.","236","OLCM-015","25% OFF","N/A","Garantía oficial y entrega inmediata."
"OLCM-016","Manga One Piece Vol. 100 Outlet","assets/img/bocinas/Gemini_Generated_Image_2ppzz92ppzz92ppz.webp","110","Inmediato","Outlet","outlet-comics","12","Producto premium de la categoría Cómics en Remate en liquidación y oferta.","148","OLCM-016","25% OFF","N/A","Garantía oficial y entrega inmediata."
"OLCM-017","Manga Naruto Gold Vol. 1 Outlet","assets/img/bocinas/Gemini_Generated_Image_2ppzz92ppzz92ppz.webp","99","Inmediato","Outlet","outlet-comics","12","Producto premium de la categoría Cómics en Remate en liquidación y oferta.","133","OLCM-017","25% OFF","N/A","Garantía oficial y entrega inmediata."
"OLCM-018","Manga Demon Slayer Vol. 1 Outlet","assets/img/bocinas/Gemini_Generated_Image_2ppzz92ppzz92ppz.webp","89","Inmediato","Outlet","outlet-comics","12","Producto premium de la categoría Cómics en Remate en liquidación y oferta.","120","OLCM-018","25% OFF","N/A","Garantía oficial y entrega inmediata."
"OLCM-019","Manga Jujutsu Jaisen Vol. 1 Out","assets/img/bocinas/Gemini_Generated_Image_2ppzz92ppzz92ppz.webp","89","Inmediato","Outlet","outlet-comics","12","Producto premium de la categoría Cómics en Remate en liquidación y oferta.","120","OLCM-019","25% OFF","N/A","Garantía oficial y entrega inmediata."
"OLCM-020","Manga My Hero Academia Vol. 1 Out","assets/img/bocinas/Gemini_Generated_Image_2ppzz92ppzz92ppz.webp","89","Inmediato","Outlet","outlet-comics","12","Producto premium de la categoría Cómics en Remate en liquidación y oferta.","120","OLCM-020","25% OFF","N/A","Garantía oficial y entrega inmediata."
"OLGD-001","Reloj Inteligente Smartwatch Sport V8","assets/img/bocinas/Gemini_Generated_Image_2ppzz92ppzz92ppz.webp","320","Inmediato","Outlet","outlet-gadgets","12","Producto premium de la categoría Audio & Bocinas Outlet en liquidación y oferta.","432","OLGD-001","25% OFF","N/A","Garantía oficial y entrega inmediata."
"OLGD-002","Smartband M7 Ritmo Cardíaco Outlet","assets/img/bocinas/Gemini_Generated_Image_2ppzz92ppzz92ppz.webp","199","Inmediato","Outlet","outlet-gadgets","12","Producto premium de la categoría Audio & Bocinas Outlet en liquidación y oferta.","268","OLGD-002","25% OFF","N/A","Garantía oficial y entrega inmediata."
"OLGD-003","Cargador de Pared Carga Rápida 20W","assets/img/bocinas/Gemini_Generated_Image_2ppzz92ppzz92ppz.webp","120","Inmediato","Outlet","outlet-gadgets","12","Producto premium de la categoría Audio & Bocinas Outlet en liquidación y oferta.","162","OLGD-003","25% OFF","N/A","Garantía oficial y entrega inmediata."
"OLGD-004","Audífonos Bluetooth Inalámbricos i12","assets/img/bocinas/Gemini_Generated_Image_2ppzz92ppzz92ppz.webp","99","Inmediato","Outlet","outlet-gadgets","12","Producto premium de la categoría Audio & Bocinas Outlet en liquidación y oferta.","133","OLGD-004","25% OFF","N/A","Garantía oficial y entrega inmediata."
"OLGD-005","Bocina Portátil Bluetooth Mini Go","assets/img/bocinas/Gemini_Generated_Image_2ppzz92ppzz92ppz.webp","180","Inmediato","Outlet","outlet-gadgets","12","Producto premium de la categoría Audio & Bocinas Outlet en liquidación y oferta.","243","OLGD-005","25% OFF","N/A","Garantía oficial y entrega inmediata."
"OLGD-006","Audífonos Diadema Inalámbrica JBL","assets/img/bocinas/Gemini_Generated_Image_2ppzz92ppzz92ppz.webp","650","Inmediato","Outlet","outlet-gadgets","12","Producto premium de la categoría Audio & Bocinas Outlet en liquidación y oferta.","877","OLGD-006","25% OFF","N/A","Garantía oficial y entrega inmediata."
"OLGD-007","Power Bank Batería Portátil 10000mAh","assets/img/bocinas/Gemini_Generated_Image_2ppzz92ppzz92ppz.webp","220","Inmediato","Outlet","outlet-gadgets","12","Producto premium de la categoría Audio & Bocinas Outlet en liquidación y oferta.","297","OLGD-007","25% OFF","N/A","Garantía oficial y entrega inmediata."
"OLGD-008","Foco Inteligente LED Multicolor WiFi","assets/img/bocinas/Gemini_Generated_Image_2ppzz92ppzz92ppz.webp","110","Inmediato","Outlet","outlet-gadgets","12","Producto premium de la categoría Audio & Bocinas Outlet en liquidación y oferta.","148","OLGD-008","25% OFF","N/A","Garantía oficial y entrega inmediata."
"OLGD-009","Bocina Bluetooth Link Bits RD017 LED","assets/img/bocinas/Gemini_Generated_Image_2ppzz92ppzz92ppz.webp","150","Inmediato","Outlet","outlet-gadgets","12","Producto premium de la categoría Audio & Bocinas Outlet en liquidación y oferta.","202","OLGD-009","25% OFF","N/A","Garantía oficial y entrega inmediata."
"OLGD-010","Bocina Bluetooth Link Bits RFR034 Asa","assets/img/bocinas/Gemini_Generated_Image_2ppzz92ppzz92ppz.webp","152","Inmediato","Outlet","outlet-gadgets","12","Producto premium de la categoría Audio & Bocinas Outlet en liquidación y oferta.","205","OLGD-010","25% OFF","N/A","Garantía oficial y entrega inmediata."
"OLGD-011","Audífonos In-Ear Extra Bass Sony Out","assets/img/bocinas/Gemini_Generated_Image_2ppzz92ppzz92ppz.webp","180","Inmediato","Outlet","outlet-gadgets","12","Producto premium de la categoría Audio & Bocinas Outlet en liquidación y oferta.","243","OLGD-011","25% OFF","N/A","Garantía oficial y entrega inmediata."
"OLGD-012","Cargador Inalámbrico Rápido Qi 15W","assets/img/bocinas/Gemini_Generated_Image_2ppzz92ppzz92ppz.webp","130","Inmediato","Outlet","outlet-gadgets","12","Producto premium de la categoría Audio & Bocinas Outlet en liquidación y oferta.","175","OLGD-012","25% OFF","N/A","Garantía oficial y entrega inmediata."
"OLGD-013","Cable USB-C a USB-C de Carga Rápida","assets/img/bocinas/Gemini_Generated_Image_2ppzz92ppzz92ppz.webp","45","Inmediato","Outlet","outlet-gadgets","12","Producto premium de la categoría Audio & Bocinas Outlet en liquidación y oferta.","60","OLGD-013","25% OFF","N/A","Garantía oficial y entrega inmediata."
"OLGD-014","Cable Lightning a USB-C Trenzado","assets/img/bocinas/Gemini_Generated_Image_2ppzz92ppzz92ppz.webp","50","Inmediato","Outlet","outlet-gadgets","12","Producto premium de la categoría Audio & Bocinas Outlet en liquidación y oferta.","67","OLGD-014","25% OFF","N/A","Garantía oficial y entrega inmediata."
"OLGD-015","Adaptador Bluetooth USB para PC Go","assets/img/bocinas/Gemini_Generated_Image_2ppzz92ppzz92ppz.webp","65","Inmediato","Outlet","outlet-gadgets","12","Producto premium de la categoría Audio & Bocinas Outlet en liquidación y oferta.","87","OLGD-015","25% OFF","N/A","Garantía oficial y entrega inmediata."
"OLGD-016","Mouse Inalámbrico Ergonómico Slim","assets/img/bocinas/Gemini_Generated_Image_2ppzz92ppzz92ppz.webp","99","Inmediato","Outlet","outlet-gadgets","12","Producto premium de la categoría Audio & Bocinas Outlet en liquidación y oferta.","133","OLGD-016","25% OFF","N/A","Garantía oficial y entrega inmediata."
"OLGD-017","Mini Teclado Inalámbrico con Touchpad","assets/img/bocinas/Gemini_Generated_Image_2ppzz92ppzz92ppz.webp","145","Inmediato","Outlet","outlet-gadgets","12","Producto premium de la categoría Audio & Bocinas Outlet en liquidación y oferta.","195","OLGD-017","25% OFF","N/A","Garantía oficial y entrega inmediata."
"OLGD-018","Soporte de Celular para Auto Ventosa","assets/img/bocinas/Gemini_Generated_Image_2ppzz92ppzz92ppz.webp","75","Inmediato","Outlet","outlet-gadgets","12","Producto premium de la categoría Audio & Bocinas Outlet en liquidación y oferta.","101","OLGD-018","25% OFF","N/A","Garantía oficial y entrega inmediata."
"OLGD-019","Aro de Luz LED 10 Pulgadas Tripode","assets/img/bocinas/Gemini_Generated_Image_2ppzz92ppzz92ppz.webp","199","Inmediato","Outlet","outlet-gadgets","12","Producto premium de la categoría Audio & Bocinas Outlet en liquidación y oferta.","268","OLGD-019","25% OFF","N/A","Garantía oficial y entrega inmediata."
"OLGD-020","Audífonos Gamers con Micrófono Lujo","assets/img/bocinas/Gemini_Generated_Image_2ppzz92ppzz92ppz.webp","299","Inmediato","Outlet","outlet-gadgets","12","Producto premium de la categoría Audio & Bocinas Outlet en liquidación y oferta.","403","OLGD-020","25% OFF","N/A","Garantía oficial y entrega inmediata."
"OLAC-001","Humidor Cedro Viaje Outlet","assets/img/bocinas/Gemini_Generated_Image_2ppzz92ppzz92ppz.webp","280","Inmediato","Outlet","outlet-accesorios","12","Producto premium de la categoría Accesorios Varios Outlet en liquidación y oferta.","378","OLAC-001","25% OFF","N/A","Garantía oficial y entrega inmediata."
"OLAC-002","Cortapuros Doble Hoja Metal Out","assets/img/bocinas/Gemini_Generated_Image_2ppzz92ppzz92ppz.webp","68","Inmediato","Outlet","outlet-accesorios","12","Producto premium de la categoría Accesorios Varios Outlet en liquidación y oferta.","91","OLAC-002","25% OFF","N/A","Garantía oficial y entrega inmediata."
"OLAC-003","Zippo Street Chrome Outlet","assets/img/bocinas/Gemini_Generated_Image_2ppzz92ppzz92ppz.webp","299","Inmediato","Outlet","outlet-accesorios","12","Producto premium de la categoría Accesorios Varios Outlet en liquidación y oferta.","403","OLAC-003","25% OFF","N/A","Garantía oficial y entrega inmediata."
"OLAC-004","Estuche Cuero 3 Puros Outlet","assets/img/bocinas/Gemini_Generated_Image_2ppzz92ppzz92ppz.webp","175","Inmediato","Outlet","outlet-accesorios","12","Producto premium de la categoría Accesorios Varios Outlet en liquidación y oferta.","236","OLAC-004","25% OFF","N/A","Garantía oficial y entrega inmediata."
"OLAC-005","Cenicero Cristal Cortado Outlet","assets/img/bocinas/Gemini_Generated_Image_2ppzz92ppzz92ppz.webp","199","Inmediato","Outlet","outlet-accesorios","12","Producto premium de la categoría Accesorios Varios Outlet en liquidación y oferta.","268","OLAC-005","25% OFF","N/A","Garantía oficial y entrega inmediata."
"OLAC-006","Pipa Maíz Clásica Missouri Out","assets/img/bocinas/Gemini_Generated_Image_2ppzz92ppzz92ppz.webp","125","Inmediato","Outlet","outlet-accesorios","12","Producto premium de la categoría Accesorios Varios Outlet en liquidación y oferta.","168","OLAC-006","25% OFF","N/A","Garantía oficial y entrega inmediata."
"OLAC-007","Atacador Pipa Metal 3 en 1 Out","assets/img/bocinas/Gemini_Generated_Image_2ppzz92ppzz92ppz.webp","52","Inmediato","Outlet","outlet-accesorios","12","Producto premium de la categoría Accesorios Varios Outlet en liquidación y oferta.","70","OLAC-007","25% OFF","N/A","Garantía oficial y entrega inmediata."
"OLAC-008","Filtros Pipa 9mm (40 pz) Outlet","assets/img/bocinas/Gemini_Generated_Image_2ppzz92ppzz92ppz.webp","78","Inmediato","Outlet","outlet-accesorios","12","Producto premium de la categoría Accesorios Varios Outlet en liquidación y oferta.","105","OLAC-008","25% OFF","N/A","Garantía oficial y entrega inmediata."
"OLAC-009","Clipper Metal Jet Encendedor Out","assets/img/bocinas/Gemini_Generated_Image_2ppzz92ppzz92ppz.webp","130","Inmediato","Outlet","outlet-accesorios","12","Producto premium de la categoría Accesorios Varios Outlet en liquidación y oferta.","175","OLAC-009","25% OFF","N/A","Garantía oficial y entrega inmediata."
"OLAC-010","Clipper Gold Metal Encendedor Out","assets/img/bocinas/Gemini_Generated_Image_2ppzz92ppzz92ppz.webp","150","Inmediato","Outlet","outlet-accesorios","12","Producto premium de la categoría Accesorios Varios Outlet en liquidación y oferta.","202","OLAC-010","25% OFF","N/A","Garantía oficial y entrega inmediata."
"OLAC-011","Encendedor Soplete Honest Jet Out","assets/img/bocinas/Gemini_Generated_Image_2ppzz92ppzz92ppz.webp","115","Inmediato","Outlet","outlet-accesorios","12","Producto premium de la categoría Accesorios Varios Outlet en liquidación y oferta.","155","OLAC-011","25% OFF","N/A","Garantía oficial y entrega inmediata."
"OLAC-012","Humidor Mesa Madera 50 Puros Out","assets/img/bocinas/Gemini_Generated_Image_2ppzz92ppzz92ppz.webp","1399","Inmediato","Outlet","outlet-accesorios","12","Producto premium de la categoría Accesorios Varios Outlet en liquidación y oferta.","1888","OLAC-012","25% OFF","N/A","Garantía oficial y entrega inmediata."
"OLAC-013","Caja Organizadora Cables Viaje Out","assets/img/bocinas/Gemini_Generated_Image_2ppzz92ppzz92ppz.webp","95","Inmediato","Outlet","outlet-accesorios","12","Producto premium de la categoría Accesorios Varios Outlet en liquidación y oferta.","128","OLAC-013","25% OFF","N/A","Garantía oficial y entrega inmediata."
"OLAC-014","Estuche Portátil Audífonos Zipper","assets/img/bocinas/Gemini_Generated_Image_2ppzz92ppzz92ppz.webp","35","Inmediato","Outlet","outlet-accesorios","12","Producto premium de la categoría Accesorios Varios Outlet en liquidación y oferta.","47","OLAC-014","25% OFF","N/A","Garantía oficial y entrega inmediata."
"OLAC-015","Soporte Metálico para Laptop Slim","assets/img/bocinas/Gemini_Generated_Image_2ppzz92ppzz92ppz.webp","199","Inmediato","Outlet","outlet-accesorios","12","Producto premium de la categoría Accesorios Varios Outlet en liquidación y oferta.","268","OLAC-015","25% OFF","N/A","Garantía oficial y entrega inmediata."
"OLAC-016","Limpiador de Pantallas Kit Profesional","assets/img/bocinas/Gemini_Generated_Image_2ppzz92ppzz92ppz.webp","60","Inmediato","Outlet","outlet-accesorios","12","Producto premium de la categoría Accesorios Varios Outlet en liquidación y oferta.","81","OLAC-016","25% OFF","N/A","Garantía oficial y entrega inmediata."
"OLAC-017","Organizador de Escritorio Madera","assets/img/bocinas/Gemini_Generated_Image_2ppzz92ppzz92ppz.webp","150","Inmediato","Outlet","outlet-accesorios","12","Producto premium de la categoría Accesorios Varios Outlet en liquidación y oferta.","202","OLAC-017","25% OFF","N/A","Garantía oficial y entrega inmediata."
"OLAC-018","Llavero Multiherramienta 10 en 1","assets/img/bocinas/Gemini_Generated_Image_2ppzz92ppzz92ppz.webp","75","Inmediato","Outlet","outlet-accesorios","12","Producto premium de la categoría Accesorios Varios Outlet en liquidación y oferta.","101","OLAC-018","25% OFF","N/A","Garantía oficial y entrega inmediata."
"OLAC-019","Bolsa Portafolios Impermeable","assets/img/bocinas/Gemini_Generated_Image_2ppzz92ppzz92ppz.webp","195","Inmediato","Outlet","outlet-accesorios","12","Producto premium de la categoría Accesorios Varios Outlet en liquidación y oferta.","263","OLAC-019","25% OFF","N/A","Garantía oficial y entrega inmediata."
"OLAC-020","Humidor Viaje ABS Antigolpes Out","assets/img/bocinas/Gemini_Generated_Image_2ppzz92ppzz92ppz.webp","280","Inmediato","Outlet","outlet-accesorios","12","Producto premium de la categoría Accesorios Varios Outlet en liquidación y oferta.","378","OLAC-020","25% OFF","N/A","Garantía oficial y entrega inmediata."